NDVI,NDVI_squared,NDVI_VV,NDVI_ratio,NDVI_VH,VV_minus_VH,VV_VH_ratio,VV_plus_VH,Predicted_Soil_Moisture
0.50499004,0.2550149404992016,-4.337472965443427,0.9186428547348012,-7.890444831001448,7.035726616624004,0.549712131057644,-24.214176177504164,13.57638636923041
0.5842986,0.34140485396196,-3.4329086364900223,1.4071497977036074,-8.267397300356995,8.274003504144922,0.415234535657642,-20.02453186923093,18.904258189760572
0.5611871,0.31493096120641,-3.37537022599346,1.304602725688499,-7.846808575851007,7.967820981375993,0.4301583802847804,-19.99721447952825,18.035864456364287
0.58531743,0.3425964938618049,-3.871660761106389,1.2241896686467448,-8.097584518927652,7.219883675463524,0.4781254251699061,-20.449152317288828,18.175331021421442
0.57627654,0.3320946505543715,-4.017344347067329,1.1971494593511744,-8.34559729976238,7.510722113891796,0.4813729299622017,-21.453140616881107,17.61215821491721
